player,elo,matches
Serhii Ponomarenko,2196.8,885
Veniamin Dubrovin,1998.0,320
Maksym Badai,1907.0,782
Andrii Hrebeniuk,1882.7,309
Illia Hubariev,1867.8,161
Nazar Danyliuk,1864.2,1078
Anton Molochko,1841.9,1037
Serhii Balabei,1827.2,976
Andrii Zeniuk,1823.3,560
Oleksii Hrymovskyi,1797.8,917
Demik Ying,1795.8,292
Iolanta Yevtodii,1786.7,172
Anton Tur,1779.9,200
Roman Horokh,1771.2,1316
Serhii Chuhai,1770.6,983
Vadym Komar,1770.2,686
Tomas Hlavacek,1768.1,88
Ivan Fedoryshyn,1764.2,885
Oleksandr Dukhovenko,1758.8,896
Yevhen Kryvorotko,1757.5,500
Oleksandr Ivchuk,1753.9,582
Vadym Hryban,1752.8,510
Artem Kasyanov,1749.5,757
Oleksandr Zhurba,1749.3,818
Victor Turcan,1746.9,643
Bohdan Chaikovskyi,1743.7,636
Alina Ovriakh,1729.9,70
Daniel Belibov,1726.9,492
Denys Pesternikov,1719.8,1190
Andrii Lushchyk,1719.6,864
Oleh Bindas,1719.6,878
Mykyta Zavada,1717.5,459
Anatolii Levshyn,1710.8,177
Kateryna Bondarenko,1707.9,84
Ilie Sulima,1706.2,588
Petru Bulat,1705.7,220
Serhii Maksymiv,1702.8,776
Oleksandr Tuzhylin,1700.6,733
Yehor Riadynskyi,1699.8,733
Artem Yurkov,1698.8,1029
Bohdan Kohut,1696.8,565
Oleksii Rodin,1694.2,184
Oleksandr Alieksieev,1692.2,165
Victor Iasciuc,1689.7,632
Yan Krol,1689.5,613
Serhii Kushnirenko,1688.8,680
Nataliia Plokhotniuk,1688.2,196
Roman Zholubak,1686.3,872
Petr Wasik,1684.3,107
Vasyl Verbianyi,1680.9,807
Roman Konkulovskyi,1675.9,594
Adrian Virlan,1674.7,220
Dmytro Yurkov,1671.4,1098
Dmytro Kryshtal,1670.8,596
Ihor Shyndel,1670.3,308
Sergiu Ursu,1668.7,731
Vitalii Levshyn,1667.3,711
Oleh Torianyk,1664.0,537
Oleg Dobrjinschi,1661.8,160
Roman Tveritinov,1660.4,811
Tomas Hybl,1657.4,136
Oleksandr Kolbasenko,1656.5,338
Martin Kocvara,1656.2,68
Oleksandr Bondarchuk,1654.6,397
Oleksandr Storozhenko,1654.1,336
Vitalii Kryvenko,1653.7,85
Oleksandr Cherkas,1650.9,344
Valerii Melnyk,1650.5,777
Dmytro Tsys,1649.7,223
Anatoli Mitul,1647.2,628
Volodymyr Chornobab,1646.8,118
Serhii Aristarkhov,1646.5,653
Yevhen Masko,1646.4,844
Serghei Cucerovschii,1645.0,264
Olena Pentiuk,1644.6,84
Iurii Covic,1644.0,328
Ladislav Dobias,1643.2,633
Josef Gruber,1641.3,228
Adam Radkovsky,1640.8,318
David Gasparovic,1639.7,140
Dmytro Zeniuk,1639.4,786
Josef Chalupa,1638.7,392
Oleksandr Gomilko,1637.6,587
Stanislav Casapciuc,1637.0,232
Maksym Hubenko,1636.1,1063
Denys Shcherbak,1632.3,492
Oleksii Korobov,1631.5,315
Ondrej Chadima,1630.5,624
Myroslav Loboda,1630.2,934
Artem Chepurnyi,1629.4,1024
Mykhailo Hlaholev,1629.1,133
Lukas Provaznik,1627.5,372
Jakub Makara,1627.2,68
Yurii Volkov,1624.9,835
Bansal Sampan,1624.4,63
Nicolae Salaru,1624.0,568
Jakub Senk,1622.4,304
Victor Tihoniuc,1622.1,384
Oleg Gavryshko,1621.9,643
Oleksandr Sydorchuk,1621.5,283
Lukas Adam,1620.3,580
Oleksandr Zhyrnov,1619.2,798
Nazar Petukh,1618.4,339
Serhii Kyienko,1618.0,199
Denis Mykytuk,1617.4,228
Volodymyr Maksiuta,1616.6,225
Anton Marenco,1616.5,684
Anastasiia Volgina,1615.3,654
Zdenek Vasatko,1614.8,285
Myhailo Styranets,1614.8,201
Miroslav Ciubinidze,1614.2,472
Ihor Sukovatyi,1612.9,388
Viktor Pluzhnyk,1612.9,64
Yaroslav Veremiichuk,1612.7,460
Maxim Ungurean,1612.0,655
Myhailo Levytskyi,1611.3,366
Matus Zelinka,1611.0,319
Volodymyr Hrybeniuk,1610.5,267
Roman Cherevko,1610.1,812
Volodymyr Tatarnykov,1609.5,442
Oleh Lutsyshyn,1608.0,117
Cristian Bambuleac,1607.5,232
Serhii Rak,1607.5,784
Eduard Bernatskyi,1606.3,233
Andrii Romanenko,1606.2,408
Sergiu Nazaria,1606.2,112
Oleh Hudyma,1606.0,150
Eldar Bektemirov,1606.0,320
Vladyslav-Ivan Sheremeta,1605.7,130
Andrii Obishchenko,1605.1,157
Pavlo Babenko,1605.1,580
Lukas Heinzl,1604.8,672
Volodymyr Burylov,1604.1,343
Pavlo Shulhachyk,1603.9,380
Zdenek Sedivy,1603.1,200
Andrii Vasylets,1602.9,563
Jan Sr Krames,1602.4,748
Ihor Mayboroda,1602.0,68
Roman Merkl,1600.5,580
Mandeep Singh,1600.1,55
Yaroslav Vorsulyak,1599.4,922
Jan Rochowanski,1598.7,164
Vitalii S. Marushchak,1598.2,598
Fiodor Ghimp,1598.0,1105
Andrii Kovrikov,1594.7,70
Roman Turcanu,1594.2,416
David Brichacek,1593.7,204
Jan Jr Simecek,1593.3,392
Volodymyr Kaidakov,1592.8,611
Artem Ovchynnikov,1592.5,64
Adam Pavlik,1592.2,328
Martin Bouska,1591.3,80
Yurii Parahailo,1591.3,802
Roman Hnoievoi,1591.3,886
Andrii Kotiash,1591.2,484
Yurii Leymanovsky,1590.5,64
Leon Kolman,1589.9,688
Martin Vana,1589.9,152
Yaroslav Tebenko,1589.1,809
Jachym Juppa,1588.7,908
Serhii Bului,1588.7,167
Ondrej Kaderabek,1587.5,424
Alexandru Policiuc,1587.4,88
Ivan Romaniak,1586.7,404
Lukas Svoboda,1585.7,195
Arsenii Lobanov,1585.7,113
Martin Melisek,1585.0,135
Andrii Hrabskyi,1585.0,385
Vitalii Krokhmal,1584.3,323
Oleksandr Lipeiko,1584.2,493
Ivan Sushko,1583.9,116
Alexandr Bodac,1583.9,496
Gregory Kuzmenko,1583.3,603
Vitalii Kobets,1583.2,869
Serhii Maliuk,1583.1,483
Pavel Sourek,1581.0,240
Oleksandr Seliuchenko,1580.9,236
Lukas Veigl,1580.1,600
Sergiu Schiopu,1579.9,308
Nicolai Uzun,1579.8,360
Volodymyr Ryzhenko,1579.2,59
Vasyl Moshovskyi,1579.0,275
Filip Vesely,1578.9,272
Andrii Regush,1578.8,585
Vadym Reva,1578.8,376
Yaroslav Kovshun,1578.5,718
Ruslan Andrishak,1578.4,109
Iurii Hrekh,1577.8,387
Viktoria Shevchuk,1577.0,205
Andrei Calmis,1576.4,320
Ruslan Haiseniuk,1576.2,775
Dominik Horak,1576.0,352
Jan Priklopil,1576.0,216
Dorin Cojocaru,1575.9,184
Radovan Debnar,1575.7,96
Vasyl Salivonchyk,1575.5,694
Viktor Slozka,1575.0,953
Jatin Kumar,1574.8,101
Petr Semrad,1574.4,536
Valerii Kolesnykov,1574.2,727
Anatolii Dulich,1574.2,327
Roman Pomin,1573.3,144
Vitalii Vietrov,1573.2,95
Jakub Jr Dufek,1573.2,467
Lukas Rulc,1573.0,704
Petr Maly,1572.8,448
Oleksandr Tkachenko,1572.6,295
Stepan Rejent,1572.4,812
Yurii Kolos,1572.2,75
Yevhenii Sokoltsov,1572.0,506
Oleksandr Tymofeev,1572.0,540
Libor Smazik,1571.9,453
Tomas Hucko,1571.4,345
Margarita Gordeets,1571.2,659
Oleh Kurylenko,1570.6,990
Ivan Kozachuk,1570.5,1131
Yurii Bondarenko,1570.1,100
Maksym Mrykh,1570.0,571
Michal Makara,1569.6,992
Oleksandra Ivchenko,1569.5,605
Andrii Troian,1569.3,1003
Ivan Demianchuk,1569.3,55
Denys Maltsev,1569.1,921
Yaroslav Kravets,1568.8,457
Igor V Cioclea,1568.0,339
Pavel Plakushchyi,1567.3,758
Dmytro Derevynskyi,1567.1,853
Eugen Tanase,1566.7,88
Oleksandr Pohonov,1566.2,374
Oleh Karpenko,1566.0,677
Anna Rzhevska,1565.3,258
Pavel Oplt,1565.0,216
Martin Skyba,1564.7,136
Ondrej Horak,1564.2,208
Petro Kolesnik,1563.8,331
Valentyn Lobas,1562.7,341
Hanna Lapa,1561.8,479
Evgheni Galiuc,1561.6,108
Andrii Derevianko,1561.0,999
Vitalie Dirul,1560.4,566
Matej Svitac,1560.4,388
Ilia Ostryi,1559.8,203
Vladyslav Kovalchuk,1559.2,878
Olesya Lifanova,1559.0,135
Dmitri Culaghin,1558.8,801
Serghei Sivovol,1558.7,156
Valerii Merzlikin,1558.7,701
Serhii Khandetskyi,1557.9,832
Roman Durovic,1557.8,440
Oleksandr Osadchyi,1557.2,888
Michal Stibor,1556.7,318
Fedir Voinarovskyi,1556.7,308
Volodymyr Savoliuk,1555.6,559
Ihor Vasylyshyn,1555.3,175
Ondrej Mezera,1555.2,888
Tadeas Bertho,1555.2,720
Petr Orlowski,1555.0,340
Roksolana Budnyk,1555.0,115
Alina Kurtenko,1555.0,225
Oleh Pereguda,1555.0,62
Yevhen Skorobahatyi,1555.0,326
Ilia Uzun,1555.0,116
Miloslav Ullman,1554.4,448
Yurii Shmyndra,1554.1,114
Vitalii Zharskyi,1553.8,638
Armaan Goel,1553.3,83
Dmytro Prylepa,1552.2,849
Vadim Urechean,1552.1,817
Josef Hondlik,1551.9,112
Serhii Solomko,1551.3,1041
Spartak Abalmaz,1550.8,860
Serghei Schiopu,1550.1,432
Ivan Nitchenko,1548.9,402
Vadym Kononenko,1548.5,156
Tomas Hanke,1547.9,572
Serhii Liashchevskyi,1547.7,693
Jan Botka,1547.3,68
Oleksandr Syksa,1547.1,1093
Volodymyr Plishylo,1547.0,671
Vadim Burucenco,1546.8,560
Radovan Pisa,1546.4,765
Matej Kovarik,1546.3,96
Vojtech Grubr,1546.1,460
Evhenii Hrytsenko,1545.8,613
Vsevolod Dubrovin,1545.7,288
Denys Kantarevych,1544.7,398
Hryhorii Kulishov,1544.5,966
Ivan Arkhipov,1544.5,354
Martin Bruk,1543.8,400
Alexandru Imparatel,1542.6,152
Ihor Dubinin,1541.4,489
Sergiu Barancean,1541.2,268
Veronika Andriushchenko,1541.1,379
Ivan Demchenko,1540.8,79
Anatolii Nazarov,1540.7,748
Dominik Ruzicka,1540.6,112
Frantisek Schmidtmayer,1540.0,484
Sviatoslav Panteleev,1539.9,136
Mikhail Taranko,1538.9,164
Stefan Petrea,1538.5,208
David Mocan,1538.4,348
Serhii Danylov,1538.2,87
Oleksandr Yavorskiy,1538.2,500
Aurel Meriacri,1537.6,428
Miroslav Hajek,1537.2,740
Zdenek Kuksa,1536.3,496
Nicolae Toma,1535.1,672
Christopher Iskander,1534.9,788
Pavlo Lavrynenko,1534.8,209
Andrei Otgon,1534.4,76
Denys Zinchenko,1534.1,56
Tomas Liska,1533.8,922
Dmytro Palii,1532.8,173
Tomas Hrstka,1531.7,72
Mykola Pohorilyi,1531.4,617
Stepan Kalensky,1531.1,508
Stepan Hryhorenko,1529.8,297
Dominik Marasek,1529.0,236
Alexandr Liutenco,1528.4,104
Ihor Serdiuk,1528.2,324
Oleg Bucos,1527.8,428
Maksym Tiutiunnyk,1527.8,408
Marek Vyskocil,1527.7,426
Oleh Kuzyshyn,1527.7,473
Ruslan Lazebnyi,1527.2,433
Oleksandr Hordiichuk,1526.9,128
Martin Vorel,1526.9,828
Anton Yakovenko,1526.8,559
Oleksandr Shkurupii,1526.5,913
Oleksandr Strutinskiy,1526.4,821
Sergii Sideltsev,1526.0,377
Nazarii Kovalchuk,1524.7,587
Oleksandr Shyshman,1524.4,413
Viktor Leonov,1524.3,126
Jan Marhol,1524.0,200
Mykhailo Potapov,1523.9,411
Oleh Volynets,1523.0,623
Serhii Chuliukov,1522.2,920
Alexei Rotari,1522.2,472
Evgheni Cilcic,1521.8,148
Jakub Simek,1521.8,152
Andrii Martyniuk,1521.3,280
Roman Bihun,1521.0,129
Milos Soukup,1520.4,56
Oleksii Gazhula,1520.3,478
Maksym Khomenko,1520.2,966
Jan Seeman,1520.1,272
Ruslan Sopivnyk,1519.9,313
Tomas Kanka,1519.8,400
Serhii Lyzohub,1518.8,154
Viktor Sharpai,1518.1,635
Ludek Stoces,1516.2,216
Dumitru Butnaru,1516.0,740
Oleksandr Maslov,1516.0,591
Ruslan Gaidarli,1516.0,60
Vladimir Scofari,1515.9,420
Evhenii Holoborodko,1515.7,484
Eduard Populovskyi,1515.6,718
Josef Dolezal,1515.4,88
Pavel Fencl,1515.1,112
Oleh Savenkov,1514.8,583
Valerii Hel,1514.6,188
Andrii Pereiaslov,1514.5,80
Martin Vyskocil,1514.0,124
Jakub Sr Nemecek,1513.1,180
Marek Drbohlav,1513.0,508
Vitalii Pushkarov,1513.0,65
Vitalii Khamurda,1512.8,912
Kyrylo Tkachenko,1511.9,154
Maksym Stetsenko,1511.8,878
Oleksandr Mishchenko,1511.2,1116
Yaroslav Sydorenko,1511.0,169
Taras Gil,1511.0,235
Orest Hura,1510.1,872
Ivan Pytsko,1509.9,631
Andrii Droshchynskyi,1509.7,154
Anatolii Kuzmenko,1508.5,221
Viacheslav Simchuk,1508.3,457
Mykhailo Skliar,1507.6,55
Damian Petrascu,1507.0,99
Ihor Kovik,1506.9,150
Serhii Kiilo,1506.9,409
Bohdan Zaika,1506.0,685
Uliana Dronova,1505.9,111
Hennadii Paniivan,1505.7,612
Ihor Torhachov,1505.7,512
Dmytro Shchegelskyi,1505.4,956
Andrii Peretiatko,1505.2,789
Ivan Fashchevskyi,1504.2,436
Oleksandr Solonchenko,1504.2,58
Vojtech Toman,1503.5,84
Volodymyr Bilobrov,1503.4,125
Volodymyr Okopnyi,1503.4,699
Petr Provaznik,1503.3,514
Karel Farsky,1502.9,372
Ruslan Paschevici,1502.9,60
Volodymyr S. Ivasiv,1502.1,905
Radomir Corghencea,1502.1,576
Dmytro Kim,1501.8,1061
Ondrej Karpisek,1500.9,532
Oleh Varlamov,1500.7,568
Danylo Us,1500.7,528
Andrii Kotik,1500.5,558
Ruslan Yaremenko,1500.4,372
Mykhailo Vivatenko,1500.1,293
Fedir Chashchin,1499.6,162
Yuriy Melnyk,1499.3,234
Volodymyr Vasiukov,1499.3,65
Jan Jr Krames,1498.8,296
Vladyslav Mishchenko,1498.5,388
Yaroslav Makovka,1498.4,338
Anatolii Kovalenko,1497.7,424
Vitalii Kaganovych,1497.6,580
Sergii Skhabitskiy,1497.6,1157
Ruslan Novak,1496.4,547
Ladislav Hendrych,1496.2,404
Mykyta Zinov,1496.1,333
Jakub Dufek,1495.7,92
Ladislav Tuma,1494.5,532
Serhii Prus,1494.2,424
Mihail Copusciu,1493.7,264
Vitalii Kiilo,1493.5,75
Serhii Berezynskyi,1493.2,412
Evgheni Rescicov,1492.9,90
Oleksii Tiutiunnyk,1492.6,122
Pavel Hala,1492.5,652
Oleh Plyska,1492.2,711
Andrii Melchenko,1491.9,55
Libor Krasl,1491.7,160
Chamoli Karan,1491.2,78
Vladimir Lopata,1490.7,283
Denys Kozoriz,1489.1,549
Jan Pina,1488.8,104
Tymur Ponomarenko,1488.7,290
Petr Abraham,1488.6,440
Ihor Emets,1488.5,554
Oleksii Shyndel,1488.1,817
Dmytro Patalakha,1488.0,274
Alina Man,1487.9,190
Evghenii Zotov,1487.7,216
Oleksandr Blashkun,1487.7,150
Radek Slunecko,1487.5,156
Oleh Napirko,1487.3,995
Maksym Marchuk,1487.2,537
Volodymyr Voronenkov,1487.1,546
Oleksandr Naida,1486.6,965
Roman Andriushchenko,1486.2,143
Veaceslav Sirbu,1486.0,717
Yana Mykhailyk,1484.4,538
Orest Melnik,1484.3,404
Andrii Sydorenko,1482.9,327
Svitlana Yureneva,1482.8,632
Petru Capbatut,1482.5,712
Oleksii Shalopa,1482.4,143
Serhii Skachenko,1482.0,229
Serhii Miroshnychenko,1481.5,899
Evghenii Boico,1481.1,112
Mykyta Smyrnov,1480.6,670
Artur Babychev,1480.4,65
Oleksandr Borysiuk,1480.1,158
Daniil Novakov,1480.1,257
Dmytro Khairov,1479.9,399
Volodymyr Kuzmych,1479.6,50
Karina Zavinovska,1479.4,90
Ruslan Grabovoy,1479.2,128
Yevhenii Korotin,1479.1,204
Evzen Ondracek,1478.2,224
Dmytro Neborak,1478.0,905
Vladimir Melintii,1477.4,332
Olha Kolbasenko,1477.3,569
Oleksandr Ptytsyn,1477.1,92
Mykhailo Sokur,1476.5,555
Andrii Shamrai,1476.3,296
Miroslav Vana,1475.1,352
Viktor Ziakun,1475.1,639
Kostiantyn Hrynenko,1475.0,912
Yevhen Pysmennyi,1474.6,772
Vadym Ishchuk,1474.0,425
Mihai Malcoci,1473.9,456
Andrii Chermenskyi,1473.9,240
Mihail Filip,1473.5,480
Libor Benak,1473.2,52
Alexandr Gashlama,1473.2,244
Victor Gammer,1473.1,210
Vihen Saakian,1472.8,256
Oleksandr Mytsyk,1472.8,1113
Alexei Ivanov,1472.5,98
Volodymyr Korobko,1472.4,503
Adam Dvoracek,1471.5,432
Michal Snizek,1471.5,303
Filip Taller,1471.2,52
Jiri Tichy,1470.7,236
Volodymyr Dobrovolskyi,1470.2,374
Rostyslav Fylypiv,1470.0,80
Viktoriia Kurtenko,1470.0,159
Oles Kotsyumbas,1469.6,352
Valerii Vlasenko,1469.3,985
Viktor Ivanytskyi,1469.0,115
Valentyn Kurliuk,1468.4,312
Josef Hanacek,1467.6,364
Evgenii Bakin,1466.8,115
Vitalii Boyko,1466.0,584
Vitalii Korniichuk,1465.4,488
Divyanshu Lingwal,1465.2,68
Ivan Elfemov,1464.0,389
Valentyn Chumak,1463.1,600
Leonid Calev,1463.0,510
Anna Gorchakova,1463.0,364
Mykyta Fomin,1462.4,493
Oleksandr Bryzhevatyi,1462.4,159
Serhii Kryvoshyi,1462.0,593
Yaroslav Stepanchuk,1460.7,653
Jan Krojidlo,1460.5,568
Oleh Stopin,1460.2,271
Roman Reznychenko,1459.4,786
Volodymyr Hainiuk,1457.7,735
Vit Herrmann,1457.6,388
Marek Cizek,1457.5,300
Serhii Chelpanov,1456.5,760
Veaceslav Salcutan,1456.0,208
Vasyl Matviichuk,1455.9,706
Mykola Treshchetka,1455.9,1018
Ion Todiras,1455.4,396
Valerii Lukianevych,1454.9,429
Kostiantyn Klymenko,1454.7,916
Anastasiia Telykh,1454.4,166
Ihor Sorochan,1454.0,513
Antonin Jaros,1453.7,136
Oleksandr Ovsiienko,1452.3,859
Hryhoriy Oliynyk,1452.3,238
Jakub Mejzlik,1452.1,300
Michael Hasman,1451.6,164
Jan Herink,1451.0,244
Marian Melisek,1450.4,500
Vitalii Sydorenko,1450.1,635
Arnav Goel,1449.5,84
Kyrylo Kuchyna,1448.7,114
Andrii Lifanov,1448.6,325
Volodymyr Vasyliev,1448.5,119
Petr Kotrbacek,1447.8,268
Filip Kubos,1447.2,728
Oleksandr Leonenko,1446.8,872
Dmytro Kuzmenko,1446.5,829
Serhii Kalenyk,1446.2,629
Karel Polak,1446.1,303
Vsevolod Kheresko,1445.9,338
Maxim Turcanu,1444.8,840
Petr Hlina,1444.6,144
Oleksandr Kovalchuk,1444.4,840
Martin Kubat,1444.3,80
Oleksandr Budnikov,1443.0,627
Lukas Boura,1442.9,83
Ivan Kryvyi,1442.4,755
Volodymyr V. Ivasiv,1440.9,328
Lukas Krutina,1440.6,240
Marcel Cmil,1440.6,740
Mykola Chоrnobai,1439.4,209
Andrii Kurtenko,1439.4,577
George Pisarenco,1439.1,60
Milan Barton,1438.7,68
Filip Fryml,1437.0,126
Filip Dusil,1436.5,92
Oleksandr Melashenko,1434.4,858
Oleksandr Ziakun,1433.8,718
Andrii Homylko,1432.3,644
Roman Hryhoriev,1432.0,360
Dmytro Rehotun,1431.1,522
Jan Vasek,1430.8,92
Iurie Levinta,1428.5,156
Anton Shypilov,1428.1,660
Jan Blazek,1427.0,384
Mykhailo Khalenko,1425.6,364
Mykola Slozka,1425.6,798
Serhii Hovorunets,1424.8,536
Oleg Cotorcea,1424.6,400
Oleksii Krutko,1424.0,459
Oleksandr Kolos,1423.8,319
Oleh Miklukha,1423.5,518
Veacheslav Kovalenko,1422.4,340
Oleksii Mitla,1422.3,626
Hryhorii Prokopenko,1421.3,230
Bohdan Panchenko,1421.3,726
Daniil Habrelyan,1421.0,468
Mykola Polysynskyi,1420.9,817
Serhii Honcharenko,1419.7,899
Vadym Kucheriavyi,1419.5,124
Serhii Pitsyk,1418.9,627
Samuel Koscelansky,1418.1,96
Roman Mazur,1417.7,303
Oleksandr Maslovskyi,1417.2,868
Serhyi Baranskyi,1416.5,221
Iurie Sarapanovschi,1416.1,224
Oleh Maksymkiv,1415.4,633
Oleh Pavliuk,1414.8,74
Volodymyr Melnykov,1413.7,571
Vitalie Plescaci,1413.6,724
Bohdan Plakhtyi,1412.8,919
Dmitri Gribcov,1412.5,380
Alexei Titov,1411.9,399
Filip Husek,1411.3,148
Vlad Cebotari,1411.0,92
Mihail Rotaru,1410.6,172
Olena Bondareva,1409.1,305
Eduard Rubtsov,1409.1,813
Yevhen Bielokon,1409.0,640
Illia Fokin,1407.1,214
Stanislav Rohotskyi,1406.8,79
Pavlo Ishchyk,1406.4,124
Tomas Stejskal,1405.9,232
Yurii Zvolynskyi,1404.4,601
Stefan Yakimenko,1403.1,934
Andriy Didyk,1402.5,491
Mykola Kulynych,1401.7,373
Oleh Hil,1401.1,218
Petr Fiser,1400.8,236
Oleksandr Bielskyi,1400.7,128
Andrii Dekhtiarenko,1400.7,209
Oleh Sapuzhak,1399.9,163
Kyrylo Riazanovskyi,1398.9,141
Oleksandr Badanin,1398.8,405
Roman Sveshnykov,1398.6,241
Dinu Stanciu,1398.1,216
Martin Obraz,1397.4,448
Serhii Priadko,1397.0,637
Hennadii Buianover,1396.6,390
Volodymyr Mykhalchenko,1395.1,262
Karel Jirousek,1395.1,488
Andrii Datsenko,1394.5,399
Evhenii Trehub,1393.7,80
Alexandru Duplii,1393.4,288
Oleksandr Kuravskyi,1392.3,188
Serghei Mirciu,1391.9,372
Pavel Moulis,1391.8,495
Milan Cuba,1391.8,332
Pavel Cizek,1390.1,52
Valeriu Ciugureanu,1389.5,404
Ksenia Tymchenko,1389.4,440
Vasyl Kondratenko,1389.2,656
Oleksandr Lyman,1386.7,655
Polina Pashchenko,1386.7,87
Dmytro Belanchyk,1386.3,214
Ihor Burak,1383.9,196
Oleksandr Hoholev,1382.5,289
Martin Holub,1381.5,684
Vasyl Smyk,1381.3,644
Andrii Fastov,1380.4,177
Ruslan Serhyenko,1380.3,645
Maksim Baranov,1379.9,261
Jaroslav Puk,1378.7,336
Artiom Borodii,1376.5,327
Alexandr Uzun,1375.5,355
Tymofii Roienko,1372.2,50
Serhii Semenets,1372.0,865
Vladyslav Stukalov,1371.8,831
Vitalii Ananiev,1371.2,293
Jan Mares,1368.5,151
Vitaliy Dumitriu,1367.8,212
Vitalii Mukhin,1363.5,319
Pavlo Chyzh,1362.5,234
Yevheniia Severyna,1357.9,100
Vitalii Husiev,1356.5,504
Volodymyr Varchenko,1356.2,186
Tomas Podrazsky,1355.3,96
Oleg Spivacov,1353.5,636
Tomas Holomek,1353.5,156
Jan Vrnak,1352.2,219
Alexandr Cosogolov,1351.8,1028
Viktor Kucala,1350.8,284
Roman Matveichuk,1350.7,120
Martin Stehlik,1350.4,420
Iuri Iurcenco,1350.4,536
Bohdan Pyrtyk,1349.6,392
Vladimir Zaporojan,1348.8,152
Serhii Kovalenko,1347.9,64
Anatolii Nikolenko,1344.2,751
Oleh Martynenko,1340.7,345
Anastasiia Hordynska-Sheiko,1338.8,525
Anatoliy Lysyi,1338.8,403
Mihai Midori,1338.7,88
Mihail Oanta,1338.0,360
Ratwal Vishnu,1336.7,55
Vaclav Coubal,1334.2,436
Patrik Müller,1333.6,180
Sergey Osipov,1333.0,268
Artur Akopyan,1331.5,597
Veaceslav Mutu,1330.7,392
Martin Drabek,1330.3,136
Milan Vydra,1327.6,252
Ruslan Skoropad,1323.9,101
Vitalie Anghel,1322.5,252
Miroslav Cervenka,1320.6,207
Viorel Evstratii,1319.6,144
Yuriy Shcherbak,1319.2,204
Vit Kilian,1317.4,236
Iuri Efros,1317.1,124
Igor Mihalachi,1316.5,168
Denys Khavanskyi,1312.8,341
Oleksii Nadporozhskyi,1312.2,193
David Sabuka,1312.1,551
Serhii Paksiutov,1311.3,128
Volodymyr Kruglyak,1311.0,288
Mariia Vasylieva,1310.2,81
Eduard Buianov,1308.7,256
Oleksandr Levytskyi,1306.4,348
Roman Boklah,1305.7,628
Vitalie Petrov,1305.7,108
Mykhailo Kistechko,1304.8,399
Oleh Ponomarenko,1304.3,710
Oleg Shvydkyi,1300.9,223
Alexandru Orbu,1300.7,84
Krystof Hules,1298.8,59
Stanislav Zherykhin,1296.3,50
Dmytro Novik,1291.8,296
Fiodor Demian,1290.4,430
Anhelina Plashchynska,1288.3,277
Leon Chornohotsky,1283.0,59
Valerii Kobzar,1281.2,129
Oleksandr Bolnyh,1272.2,130
Volodymyr Khyzhnyak,1266.0,174
Nadiia Harmash,1265.7,316
Pavlo Melnichuk,1262.5,128
Viktor Kodola,1262.0,546
Alexandru Bulat,1258.2,199
Maksym Tkalich,1256.9,295
Vladyslav Kovalenko,1247.9,435
Viktor Sydorchuk,1247.3,260
Yurii Priadko,1246.4,240
Olha Melnyk,1245.1,243
Antonin Skyba,1236.3,243
Yurii Urezchenko,1228.4,524
Valerii Romanenko,1226.2,172
Denis Aldayev,1221.3,250
Vitalii Klymenko,1220.8,234
Kostiantyn Tsoi,1215.0,144
Vasyl Laskavyi,1203.2,66
Dmytro Kunchurov,1201.2,213
Anton Danylov,1201.0,99
Vasyl Moroz,1186.1,83
Viktor Hyriavyi,1177.0,387
Viacheslav Yarovyi,1166.4,105
Daniil Yevdokymov,1164.3,112
Mykhailo Mykhailenko,1154.5,60
Mykhailo Senyk,1152.0,319
Stanislav Kuzko,1148.5,236
Volodymyr Ivnytskyi,1121.2,68
Maksym Bukata,1085.3,103
Andrii Lanchut,1041.4,68
Oleksii Kulbach,990.7,203
